"id","program_id","start_date","length_days","sequence_number","status","is_deload"
"1","1","2026-01-15","7","1","ACTIVE","False"
"2","1","2026-01-22","7","2","PLANNED","False"
"3","1","2026-01-29","7","3","PLANNED","False"
"4","1","2026-02-05","7","4","PLANNED","True"
"5","1","2026-02-12","7","5","PLANNED","False"
"6","1","2026-02-19","7","6","PLANNED","False"
"7","1","2026-02-26","7","7","PLANNED","False"
"8","1","2026-03-05","7","8","PLANNED","True"
"9","1","2026-03-12","7","9","PLANNED","False"
"10","1","2026-03-19","7","10","PLANNED","False"
"11","1","2026-03-26","7","11","PLANNED","False"
"12","1","2026-04-02","7","12","PLANNED","True"
"13","2","2026-01-15","7","1","ACTIVE","False"
"14","2","2026-01-22","7","2","PLANNED","False"
"15","2","2026-01-29","7","3","PLANNED","False"
"16","2","2026-02-05","7","4","PLANNED","True"
"17","2","2026-02-12","7","5","PLANNED","False"
"18","2","2026-02-19","7","6","PLANNED","False"
"19","2","2026-02-26","7","7","PLANNED","False"
"20","2","2026-03-05","7","8","PLANNED","True"
"21","2","2026-03-12","7","9","PLANNED","False"
"22","2","2026-03-19","7","10","PLANNED","False"
"23","2","2026-03-26","7","11","PLANNED","False"
"24","2","2026-04-02","7","12","PLANNED","True"
"25","3","2026-01-16","7","1","ACTIVE","False"
"26","3","2026-01-23","7","2","PLANNED","False"
"27","3","2026-01-30","7","3","PLANNED","False"
"28","3","2026-02-06","7","4","PLANNED","True"
"29","3","2026-02-13","7","5","PLANNED","False"
"30","3","2026-02-20","7","6","PLANNED","False"
"31","3","2026-02-27","7","7","PLANNED","False"
"32","3","2026-03-06","7","8","PLANNED","True"
"33","3","2026-03-13","7","9","PLANNED","False"
"34","3","2026-03-20","7","10","PLANNED","False"
"35","3","2026-03-27","7","11","PLANNED","False"
"36","3","2026-04-03","7","12","PLANNED","True"
"37","4","2026-01-16","7","1","ACTIVE","False"
"38","4","2026-01-23","7","2","PLANNED","False"
"39","4","2026-01-30","7","3","PLANNED","False"
"40","4","2026-02-06","7","4","PLANNED","True"
"41","4","2026-02-13","7","5","PLANNED","False"
"42","4","2026-02-20","7","6","PLANNED","False"
"43","4","2026-02-27","7","7","PLANNED","False"
"44","4","2026-03-06","7","8","PLANNED","True"
"45","4","2026-03-13","7","9","PLANNED","False"
"46","4","2026-03-20","7","10","PLANNED","False"
"47","4","2026-03-27","7","11","PLANNED","False"
"48","4","2026-04-03","7","12","PLANNED","True"
"49","5","2026-01-16","7","1","ACTIVE","False"
"50","5","2026-01-23","7","2","PLANNED","False"
"51","5","2026-01-30","7","3","PLANNED","False"
"52","5","2026-02-06","7","4","PLANNED","True"
"53","5","2026-02-13","7","5","PLANNED","False"
"54","5","2026-02-20","7","6","PLANNED","False"
"55","5","2026-02-27","7","7","PLANNED","False"
"56","5","2026-03-06","7","8","PLANNED","True"
"57","5","2026-03-13","7","9","PLANNED","False"
"58","5","2026-03-20","7","10","PLANNED","False"
"59","5","2026-03-27","7","11","PLANNED","False"
"60","5","2026-04-03","7","12","PLANNED","True"
"61","6","2026-01-16","7","1","ACTIVE","False"
"62","6","2026-01-23","7","2","PLANNED","False"
"63","6","2026-01-30","7","3","PLANNED","False"
"64","6","2026-02-06","7","4","PLANNED","True"
"65","6","2026-02-13","7","5","PLANNED","False"
"66","6","2026-02-20","7","6","PLANNED","False"
"67","6","2026-02-27","7","7","PLANNED","False"
"68","6","2026-03-06","7","8","PLANNED","True"
"69","6","2026-03-13","7","9","PLANNED","False"
"70","6","2026-03-20","7","10","PLANNED","False"
"71","6","2026-03-27","7","11","PLANNED","False"
"72","6","2026-04-03","7","12","PLANNED","True"
"73","7","2026-01-16","7","1","ACTIVE","False"
"74","7","2026-01-23","7","2","PLANNED","False"
"75","7","2026-01-30","7","3","PLANNED","False"
"76","7","2026-02-06","7","4","PLANNED","True"
"77","7","2026-02-13","7","5","PLANNED","False"
"78","7","2026-02-20","7","6","PLANNED","False"
"79","7","2026-02-27","7","7","PLANNED","False"
"80","7","2026-03-06","7","8","PLANNED","True"
"81","7","2026-03-13","7","9","PLANNED","False"
"82","7","2026-03-20","7","10","PLANNED","False"
"83","7","2026-03-27","7","11","PLANNED","False"
"84","7","2026-04-03","7","12","PLANNED","True"
"85","8","2026-01-16","7","1","ACTIVE","False"
"86","8","2026-01-23","7","2","PLANNED","False"
"87","8","2026-01-30","7","3","PLANNED","False"
"88","8","2026-02-06","7","4","PLANNED","True"
"89","8","2026-02-13","7","5","PLANNED","False"
"90","8","2026-02-20","7","6","PLANNED","False"
"91","8","2026-02-27","7","7","PLANNED","False"
"92","8","2026-03-06","7","8","PLANNED","True"
"93","8","2026-03-13","7","9","PLANNED","False"
"94","8","2026-03-20","7","10","PLANNED","False"
"95","8","2026-03-27","7","11","PLANNED","False"
"96","8","2026-04-03","7","12","PLANNED","True"
"97","9","2026-01-16","7","1","ACTIVE","False"
"98","9","2026-01-23","7","2","PLANNED","False"
"99","9","2026-01-30","7","3","PLANNED","False"
"100","9","2026-02-06","7","4","PLANNED","True"
"101","9","2026-02-13","7","5","PLANNED","False"
"102","9","2026-02-20","7","6","PLANNED","False"
"103","9","2026-02-27","7","7","PLANNED","False"
"104","9","2026-03-06","7","8","PLANNED","True"
"105","9","2026-03-13","7","9","PLANNED","False"
"106","9","2026-03-20","7","10","PLANNED","False"
"107","9","2026-03-27","7","11","PLANNED","False"
"108","9","2026-04-03","7","12","PLANNED","True"
"109","10","2026-01-16","7","1","ACTIVE","False"
"110","10","2026-01-23","7","2","PLANNED","False"
"111","10","2026-01-30","7","3","PLANNED","False"
"112","10","2026-02-06","7","4","PLANNED","True"
"113","10","2026-02-13","7","5","PLANNED","False"
"114","10","2026-02-20","7","6","PLANNED","False"
"115","10","2026-02-27","7","7","PLANNED","False"
"116","10","2026-03-06","7","8","PLANNED","True"
"117","11","2026-01-16","7","1","ACTIVE","False"
"118","11","2026-01-23","7","2","PLANNED","False"
"119","11","2026-01-30","7","3","PLANNED","False"
"120","11","2026-02-06","7","4","PLANNED","True"
"121","11","2026-02-13","7","5","PLANNED","False"
"122","11","2026-02-20","7","6","PLANNED","False"
"123","11","2026-02-27","7","7","PLANNED","False"
"124","11","2026-03-06","7","8","PLANNED","True"
"125","11","2026-03-13","7","9","PLANNED","False"
"126","11","2026-03-20","7","10","PLANNED","False"
"127","11","2026-03-27","7","11","PLANNED","False"
"128","11","2026-04-03","7","12","PLANNED","True"
"129","12","2026-01-16","7","1","ACTIVE","False"
"130","12","2026-01-23","7","2","PLANNED","False"
"131","12","2026-01-30","7","3","PLANNED","False"
"132","12","2026-02-06","7","4","PLANNED","True"
"133","12","2026-02-13","7","5","PLANNED","False"
"134","12","2026-02-20","7","6","PLANNED","False"
"135","12","2026-02-27","7","7","PLANNED","False"
"136","12","2026-03-06","7","8","PLANNED","True"
"137","12","2026-03-13","7","9","PLANNED","False"
"138","12","2026-03-20","7","10","PLANNED","False"
"139","12","2026-03-27","7","11","PLANNED","False"
"140","12","2026-04-03","7","12","PLANNED","True"
"141","13","2026-01-16","7","1","ACTIVE","False"
"142","13","2026-01-23","7","2","PLANNED","False"
"143","13","2026-01-30","7","3","PLANNED","False"
"144","13","2026-02-06","7","4","PLANNED","True"
"145","13","2026-02-13","7","5","PLANNED","False"
"146","13","2026-02-20","7","6","PLANNED","False"
"147","13","2026-02-27","7","7","PLANNED","False"
"148","13","2026-03-06","7","8","PLANNED","True"
"149","13","2026-03-13","7","9","PLANNED","False"
"150","13","2026-03-20","7","10","PLANNED","False"
"151","13","2026-03-27","7","11","PLANNED","False"
"152","13","2026-04-03","7","12","PLANNED","True"
"369","37","2026-01-19","7","1","ACTIVE","False"
"370","37","2026-01-26","7","2","PLANNED","False"
"371","37","2026-02-02","7","3","PLANNED","False"
"372","37","2026-02-09","7","4","PLANNED","True"
"373","37","2026-02-16","7","5","PLANNED","False"
"374","37","2026-02-23","7","6","PLANNED","False"
"375","37","2026-03-02","7","7","PLANNED","False"
"376","37","2026-03-09","7","8","PLANNED","True"
"377","37","2026-03-16","7","9","PLANNED","False"
"378","37","2026-03-23","7","10","PLANNED","False"
"379","37","2026-03-30","7","11","PLANNED","False"
"380","37","2026-04-06","7","12","PLANNED","True"
"381","38","2026-01-19","7","1","ACTIVE","False"
"382","38","2026-01-26","7","2","PLANNED","False"
"383","38","2026-02-02","7","3","PLANNED","False"
"384","38","2026-02-09","7","4","PLANNED","True"
"385","38","2026-02-16","7","5","PLANNED","False"
"386","38","2026-02-23","7","6","PLANNED","False"
"387","38","2026-03-02","7","7","PLANNED","False"
"388","38","2026-03-09","7","8","PLANNED","True"
"389","38","2026-03-16","7","9","PLANNED","False"
"390","38","2026-03-23","7","10","PLANNED","False"
"391","38","2026-03-30","7","11","PLANNED","False"
"392","38","2026-04-06","7","12","PLANNED","True"
"393","39","2026-01-19","7","1","ACTIVE","False"
"394","39","2026-01-26","7","2","PLANNED","False"
"395","39","2026-02-02","7","3","PLANNED","False"
"396","39","2026-02-09","7","4","PLANNED","True"
"397","39","2026-02-16","7","5","PLANNED","False"
"398","39","2026-02-23","7","6","PLANNED","False"
"399","39","2026-03-02","7","7","PLANNED","False"
"400","39","2026-03-09","7","8","PLANNED","True"
"209","19","2026-01-16","7","1","ACTIVE","False"
"210","19","2026-01-23","7","2","PLANNED","False"
"211","19","2026-01-30","7","3","PLANNED","False"
"212","19","2026-02-06","7","4","PLANNED","True"
"213","19","2026-02-13","7","5","PLANNED","False"
"214","19","2026-02-20","7","6","PLANNED","False"
"215","19","2026-02-27","7","7","PLANNED","False"
"216","19","2026-03-06","7","8","PLANNED","True"
"217","20","2026-01-16","7","1","ACTIVE","False"
"218","20","2026-01-23","7","2","PLANNED","False"
"219","20","2026-01-30","7","3","PLANNED","False"
"220","20","2026-02-06","7","4","PLANNED","True"
"221","20","2026-02-13","7","5","PLANNED","False"
"222","20","2026-02-20","7","6","PLANNED","False"
"223","20","2026-02-27","7","7","PLANNED","False"
"224","20","2026-03-06","7","8","PLANNED","True"
"225","20","2026-03-13","7","9","PLANNED","False"
"226","20","2026-03-20","7","10","PLANNED","False"
"227","20","2026-03-27","7","11","PLANNED","False"
"228","20","2026-04-03","7","12","PLANNED","True"
"229","21","2026-01-16","7","1","ACTIVE","False"
"230","21","2026-01-23","7","2","PLANNED","False"
"231","21","2026-01-30","7","3","PLANNED","False"
"232","21","2026-02-06","7","4","PLANNED","True"
"233","21","2026-02-13","7","5","PLANNED","False"
"234","21","2026-02-20","7","6","PLANNED","False"
"235","21","2026-02-27","7","7","PLANNED","False"
"236","21","2026-03-06","7","8","PLANNED","True"
"237","21","2026-03-13","7","9","PLANNED","False"
"238","21","2026-03-20","7","10","PLANNED","False"
"239","21","2026-03-27","7","11","PLANNED","False"
"240","21","2026-04-03","7","12","PLANNED","True"
"241","22","2026-01-16","7","1","ACTIVE","False"
"242","22","2026-01-23","7","2","PLANNED","False"
"243","22","2026-01-30","7","3","PLANNED","False"
"244","22","2026-02-06","7","4","PLANNED","True"
"245","22","2026-02-13","7","5","PLANNED","False"
"246","22","2026-02-20","7","6","PLANNED","False"
"247","22","2026-02-27","7","7","PLANNED","False"
"248","22","2026-03-06","7","8","PLANNED","True"
"249","22","2026-03-13","7","9","PLANNED","False"
"250","22","2026-03-20","7","10","PLANNED","False"
"251","22","2026-03-27","7","11","PLANNED","False"
"252","22","2026-04-03","7","12","PLANNED","True"
"253","23","2026-01-16","7","1","ACTIVE","False"
"254","23","2026-01-23","7","2","PLANNED","False"
"255","23","2026-01-30","7","3","PLANNED","False"
"256","23","2026-02-06","7","4","PLANNED","True"
"257","23","2026-02-13","7","5","PLANNED","False"
"258","23","2026-02-20","7","6","PLANNED","False"
"259","23","2026-02-27","7","7","PLANNED","False"
"260","23","2026-03-06","7","8","PLANNED","True"
"261","23","2026-03-13","7","9","PLANNED","False"
"262","23","2026-03-20","7","10","PLANNED","False"
"263","23","2026-03-27","7","11","PLANNED","False"
"264","23","2026-04-03","7","12","PLANNED","True"
"401","39","2026-03-16","7","9","PLANNED","False"
"402","39","2026-03-23","7","10","PLANNED","False"
"403","39","2026-03-30","7","11","PLANNED","False"
"404","39","2026-04-06","7","12","PLANNED","True"
"405","40","2026-01-19","7","1","ACTIVE","False"
"406","40","2026-01-26","7","2","PLANNED","False"
"407","40","2026-02-02","7","3","PLANNED","False"
"408","40","2026-02-09","7","4","PLANNED","True"
"409","40","2026-02-16","7","5","PLANNED","False"
"410","40","2026-02-23","7","6","PLANNED","False"
"411","40","2026-03-02","7","7","PLANNED","False"
"412","40","2026-03-09","7","8","PLANNED","True"
"413","40","2026-03-16","7","9","PLANNED","False"
"414","40","2026-03-23","7","10","PLANNED","False"
"415","40","2026-03-30","7","11","PLANNED","False"
"416","40","2026-04-06","7","12","PLANNED","True"
"417","41","2026-01-20","7","1","ACTIVE","False"
"418","41","2026-01-27","7","2","PLANNED","False"
"419","41","2026-02-03","7","3","PLANNED","False"
"420","41","2026-02-10","7","4","PLANNED","True"
"421","41","2026-02-17","7","5","PLANNED","False"
"422","41","2026-02-24","7","6","PLANNED","False"
"423","41","2026-03-03","7","7","PLANNED","False"
"424","41","2026-03-10","7","8","PLANNED","True"
"425","41","2026-03-17","7","9","PLANNED","False"
"426","41","2026-03-24","7","10","PLANNED","False"
"427","41","2026-03-31","7","11","PLANNED","False"
"428","41","2026-04-07","7","12","PLANNED","True"
"429","42","2026-01-20","7","1","ACTIVE","False"
"430","42","2026-01-27","7","2","PLANNED","False"
"431","42","2026-02-03","7","3","PLANNED","False"
"432","42","2026-02-10","7","4","PLANNED","True"
"433","42","2026-02-17","7","5","PLANNED","False"
"434","42","2026-02-24","7","6","PLANNED","False"
"435","42","2026-03-03","7","7","PLANNED","False"
"436","42","2026-03-10","7","8","PLANNED","True"
"437","42","2026-03-17","7","9","PLANNED","False"
"438","42","2026-03-24","7","10","PLANNED","False"
"439","42","2026-03-31","7","11","PLANNED","False"
"440","42","2026-04-07","7","12","PLANNED","True"
"441","43","2026-01-20","7","1","ACTIVE","False"
"442","43","2026-01-27","7","2","PLANNED","False"
"443","43","2026-02-03","7","3","PLANNED","False"
"444","43","2026-02-10","7","4","PLANNED","True"
"445","43","2026-02-17","7","5","PLANNED","False"
"446","43","2026-02-24","7","6","PLANNED","False"
"447","43","2026-03-03","7","7","PLANNED","False"
"448","43","2026-03-10","7","8","PLANNED","True"
"449","47","2026-01-20","7","1","ACTIVE","False"
"450","47","2026-01-27","7","2","PLANNED","False"
"451","47","2026-02-03","7","3","PLANNED","False"
"452","47","2026-02-10","7","4","PLANNED","True"
"453","47","2026-02-17","7","5","PLANNED","False"
"454","47","2026-02-24","7","6","PLANNED","False"
"455","47","2026-03-03","7","7","PLANNED","False"
"456","47","2026-03-10","7","8","PLANNED","True"
"457","48","2026-01-20","7","1","ACTIVE","False"
"458","48","2026-01-27","7","2","PLANNED","False"
"459","48","2026-02-03","7","3","PLANNED","False"
"460","48","2026-02-10","7","4","PLANNED","True"
"461","48","2026-02-17","7","5","PLANNED","False"
"462","48","2026-02-24","7","6","PLANNED","False"
"463","48","2026-03-03","7","7","PLANNED","False"
"464","48","2026-03-10","7","8","PLANNED","True"
"465","54","2026-01-20","7","1","ACTIVE","False"
"466","54","2026-01-27","7","2","PLANNED","False"
"467","54","2026-02-03","7","3","PLANNED","False"
"468","54","2026-02-10","7","4","PLANNED","True"
"469","54","2026-02-17","7","5","PLANNED","False"
"470","54","2026-02-24","7","6","PLANNED","False"
"471","54","2026-03-03","7","7","PLANNED","False"
"472","54","2026-03-10","7","8","PLANNED","True"
"473","54","2026-03-17","7","9","PLANNED","False"
"474","54","2026-03-24","7","10","PLANNED","False"
"475","54","2026-03-31","7","11","PLANNED","False"
"476","54","2026-04-07","7","12","PLANNED","True"
"477","56","2026-01-20","7","1","ACTIVE","False"
"478","56","2026-01-27","7","2","PLANNED","False"
"479","56","2026-02-03","7","3","PLANNED","False"
"480","56","2026-02-10","7","4","PLANNED","True"
"481","56","2026-02-17","7","5","PLANNED","False"
"482","56","2026-02-24","7","6","PLANNED","False"
"483","56","2026-03-03","7","7","PLANNED","False"
"484","56","2026-03-10","7","8","PLANNED","True"
"485","56","2026-03-17","7","9","PLANNED","False"
"486","56","2026-03-24","7","10","PLANNED","False"
"487","56","2026-03-31","7","11","PLANNED","False"
"488","56","2026-04-07","7","12","PLANNED","True"
"489","57","2026-01-20","7","1","ACTIVE","False"
"490","57","2026-01-27","7","2","PLANNED","False"
"491","57","2026-02-03","7","3","PLANNED","False"
"492","57","2026-02-10","7","4","PLANNED","True"
"493","57","2026-02-17","7","5","PLANNED","False"
"494","57","2026-02-24","7","6","PLANNED","False"
"495","57","2026-03-03","7","7","PLANNED","False"
"496","57","2026-03-10","7","8","PLANNED","True"
"497","57","2026-03-17","7","9","PLANNED","False"
"498","57","2026-03-24","7","10","PLANNED","False"
"499","57","2026-03-31","7","11","PLANNED","False"
"500","57","2026-04-07","7","12","PLANNED","True"
"501","58","2026-01-20","7","1","ACTIVE","False"
"502","58","2026-01-27","7","2","PLANNED","False"
"503","58","2026-02-03","7","3","PLANNED","False"
"504","58","2026-02-10","7","4","PLANNED","True"
"505","58","2026-02-17","7","5","PLANNED","False"
"506","58","2026-02-24","7","6","PLANNED","False"
"507","58","2026-03-03","7","7","PLANNED","False"
"508","58","2026-03-10","7","8","PLANNED","True"
"509","58","2026-03-17","7","9","PLANNED","False"
"510","58","2026-03-24","7","10","PLANNED","False"
"511","58","2026-03-31","7","11","PLANNED","False"
"512","58","2026-04-07","7","12","PLANNED","True"
"513","59","2026-01-20","7","1","ACTIVE","False"
"514","59","2026-01-27","7","2","PLANNED","False"
"515","59","2026-02-03","7","3","PLANNED","False"
"516","59","2026-02-10","7","4","PLANNED","True"
"517","59","2026-02-17","7","5","PLANNED","False"
"518","59","2026-02-24","7","6","PLANNED","False"
"519","59","2026-03-03","7","7","PLANNED","False"
"520","59","2026-03-10","7","8","PLANNED","True"
"521","59","2026-03-17","7","9","PLANNED","False"
"522","59","2026-03-24","7","10","PLANNED","False"
"523","59","2026-03-31","7","11","PLANNED","False"
"524","59","2026-04-07","7","12","PLANNED","True"
"525","60","2026-01-20","7","1","ACTIVE","False"
"526","60","2026-01-27","7","2","PLANNED","False"
"527","60","2026-02-03","7","3","PLANNED","False"
"528","60","2026-02-10","7","4","PLANNED","True"
"529","60","2026-02-17","7","5","PLANNED","False"
"530","60","2026-02-24","7","6","PLANNED","False"
"531","60","2026-03-03","7","7","PLANNED","False"
"532","60","2026-03-10","7","8","PLANNED","True"
"533","60","2026-03-17","7","9","PLANNED","False"
"534","60","2026-03-24","7","10","PLANNED","False"
"535","60","2026-03-31","7","11","PLANNED","False"
"536","60","2026-04-07","7","12","PLANNED","True"
"537","61","2026-01-20","7","1","ACTIVE","False"
"538","61","2026-01-27","7","2","PLANNED","False"
"539","61","2026-02-03","7","3","PLANNED","False"
"540","61","2026-02-10","7","4","PLANNED","True"
"541","61","2026-02-17","7","5","PLANNED","False"
"542","61","2026-02-24","7","6","PLANNED","False"
"543","61","2026-03-03","7","7","PLANNED","False"
"544","61","2026-03-10","7","8","PLANNED","True"
"545","61","2026-03-17","7","9","PLANNED","False"
"546","61","2026-03-24","7","10","PLANNED","False"
"547","61","2026-03-31","7","11","PLANNED","False"
"548","61","2026-04-07","7","12","PLANNED","True"
"549","62","2026-01-20","7","1","ACTIVE","False"
"550","62","2026-01-27","7","2","PLANNED","False"
"551","62","2026-02-03","7","3","PLANNED","False"
"552","62","2026-02-10","7","4","PLANNED","True"
"553","62","2026-02-17","7","5","PLANNED","False"
"554","62","2026-02-24","7","6","PLANNED","False"
"555","62","2026-03-03","7","7","PLANNED","False"
"556","62","2026-03-10","7","8","PLANNED","True"
"557","62","2026-03-17","7","9","PLANNED","False"
"558","62","2026-03-24","7","10","PLANNED","False"
"559","62","2026-03-31","7","11","PLANNED","False"
"560","62","2026-04-07","7","12","PLANNED","True"
"561","63","2026-01-20","7","1","ACTIVE","False"
"562","63","2026-01-27","7","2","PLANNED","False"
"563","63","2026-02-03","7","3","PLANNED","False"
"564","63","2026-02-10","7","4","PLANNED","True"
"565","63","2026-02-17","7","5","PLANNED","False"
"566","63","2026-02-24","7","6","PLANNED","False"
"567","63","2026-03-03","7","7","PLANNED","False"
"568","63","2026-03-10","7","8","PLANNED","True"
"569","64","2026-01-20","7","1","ACTIVE","False"
"570","64","2026-01-27","7","2","PLANNED","False"
"571","64","2026-02-03","7","3","PLANNED","False"
"572","64","2026-02-10","7","4","PLANNED","True"
"573","64","2026-02-17","7","5","PLANNED","False"
"574","64","2026-02-24","7","6","PLANNED","False"
"575","64","2026-03-03","7","7","PLANNED","False"
"576","64","2026-03-10","7","8","PLANNED","True"
"577","64","2026-03-17","7","9","PLANNED","False"
"578","64","2026-03-24","7","10","PLANNED","False"
"579","64","2026-03-31","7","11","PLANNED","False"
"580","64","2026-04-07","7","12","PLANNED","True"
"581","65","2026-01-20","7","1","ACTIVE","False"
"582","65","2026-01-27","7","2","PLANNED","False"
"583","65","2026-02-03","7","3","PLANNED","False"
"584","65","2026-02-10","7","4","PLANNED","True"
"585","65","2026-02-17","7","5","PLANNED","False"
"586","65","2026-02-24","7","6","PLANNED","False"
"587","65","2026-03-03","7","7","PLANNED","False"
"588","65","2026-03-10","7","8","PLANNED","True"
"589","65","2026-03-17","7","9","PLANNED","False"
"590","65","2026-03-24","7","10","PLANNED","False"
"591","65","2026-03-31","7","11","PLANNED","False"
"592","65","2026-04-07","7","12","PLANNED","True"
"593","66","2026-01-20","7","1","ACTIVE","False"
"594","66","2026-01-27","7","2","PLANNED","False"
"595","66","2026-02-03","7","3","PLANNED","False"
"596","66","2026-02-10","7","4","PLANNED","True"
"597","66","2026-02-17","7","5","PLANNED","False"
"598","66","2026-02-24","7","6","PLANNED","False"
"599","66","2026-03-03","7","7","PLANNED","False"
"600","66","2026-03-10","7","8","PLANNED","True"
"601","66","2026-03-17","7","9","PLANNED","False"
"602","66","2026-03-24","7","10","PLANNED","False"
"603","66","2026-03-31","7","11","PLANNED","False"
"604","66","2026-04-07","7","12","PLANNED","True"
"605","67","2026-01-20","7","1","ACTIVE","False"
"606","67","2026-01-27","7","2","PLANNED","False"
"607","67","2026-02-03","7","3","PLANNED","False"
"608","67","2026-02-10","7","4","PLANNED","True"
"609","67","2026-02-17","7","5","PLANNED","False"
"610","67","2026-02-24","7","6","PLANNED","False"
"611","67","2026-03-03","7","7","PLANNED","False"
"612","67","2026-03-10","7","8","PLANNED","True"
"613","67","2026-03-17","7","9","PLANNED","False"
"614","67","2026-03-24","7","10","PLANNED","False"
"615","67","2026-03-31","7","11","PLANNED","False"
"616","67","2026-04-07","7","12","PLANNED","True"
"617","68","2026-01-20","7","1","ACTIVE","False"
"618","68","2026-01-27","7","2","PLANNED","False"
"619","68","2026-02-03","7","3","PLANNED","False"
"620","68","2026-02-10","7","4","PLANNED","True"
"621","68","2026-02-17","7","5","PLANNED","False"
"622","68","2026-02-24","7","6","PLANNED","False"
"623","68","2026-03-03","7","7","PLANNED","False"
"624","68","2026-03-10","7","8","PLANNED","True"
"625","68","2026-03-17","7","9","PLANNED","False"
"626","68","2026-03-24","7","10","PLANNED","False"
"627","68","2026-03-31","7","11","PLANNED","False"
"628","68","2026-04-07","7","12","PLANNED","True"
"629","69","2026-01-20","7","1","ACTIVE","False"
"630","69","2026-01-27","7","2","PLANNED","False"
"631","69","2026-02-03","7","3","PLANNED","False"
"632","69","2026-02-10","7","4","PLANNED","True"
"633","69","2026-02-17","7","5","PLANNED","False"
"634","69","2026-02-24","7","6","PLANNED","False"
"635","69","2026-03-03","7","7","PLANNED","False"
"636","69","2026-03-10","7","8","PLANNED","True"
"637","70","2026-01-20","7","1","ACTIVE","False"
"638","70","2026-01-27","7","2","PLANNED","False"
"639","70","2026-02-03","7","3","PLANNED","False"
"640","70","2026-02-10","7","4","PLANNED","True"
"641","70","2026-02-17","7","5","PLANNED","False"
"642","70","2026-02-24","7","6","PLANNED","False"
"643","70","2026-03-03","7","7","PLANNED","False"
"644","70","2026-03-10","7","8","PLANNED","True"
"645","71","2026-01-20","7","1","ACTIVE","False"
"646","71","2026-01-27","7","2","PLANNED","False"
"647","71","2026-02-03","7","3","PLANNED","False"
"648","71","2026-02-10","7","4","PLANNED","True"
"649","71","2026-02-17","7","5","PLANNED","False"
"650","71","2026-02-24","7","6","PLANNED","False"
"651","71","2026-03-03","7","7","PLANNED","False"
"652","71","2026-03-10","7","8","PLANNED","True"
"653","71","2026-03-17","7","9","PLANNED","False"
"654","71","2026-03-24","7","10","PLANNED","False"
"655","71","2026-03-31","7","11","PLANNED","False"
"656","71","2026-04-07","7","12","PLANNED","True"
"657","72","2026-01-20","7","1","ACTIVE","False"
"658","72","2026-01-27","7","2","PLANNED","False"
"659","72","2026-02-03","7","3","PLANNED","False"
"660","72","2026-02-10","7","4","PLANNED","True"
"661","72","2026-02-17","7","5","PLANNED","False"
"662","72","2026-02-24","7","6","PLANNED","False"
"663","72","2026-03-03","7","7","PLANNED","False"
"664","72","2026-03-10","7","8","PLANNED","True"
"665","72","2026-03-17","7","9","PLANNED","False"
"666","72","2026-03-24","7","10","PLANNED","False"
"667","72","2026-03-31","7","11","PLANNED","False"
"668","72","2026-04-07","7","12","PLANNED","True"
"669","73","2026-01-21","7","1","ACTIVE","False"
"670","73","2026-01-28","7","2","PLANNED","False"
"671","73","2026-02-04","7","3","PLANNED","False"
"672","73","2026-02-11","7","4","PLANNED","True"
"673","73","2026-02-18","7","5","PLANNED","False"
"674","73","2026-02-25","7","6","PLANNED","False"
"675","73","2026-03-04","7","7","PLANNED","False"
"676","73","2026-03-11","7","8","PLANNED","True"
"677","73","2026-03-18","7","9","PLANNED","False"
"678","73","2026-03-25","7","10","PLANNED","False"
"679","73","2026-04-01","7","11","PLANNED","False"
"680","73","2026-04-08","7","12","PLANNED","True"
"690","83","2026-01-21","14","1","ACTIVE","False"
"691","83","2026-02-04","14","2","PLANNED","False"
"692","83","2026-02-18","14","3","PLANNED","False"
"693","83","2026-03-04","14","4","PLANNED","True"
"694","84","2026-01-21","14","1","ACTIVE","False"
"695","84","2026-02-04","14","2","PLANNED","False"
"696","84","2026-02-18","14","3","PLANNED","False"
"697","84","2026-03-04","14","4","PLANNED","True"
"698","84","2026-03-18","14","5","PLANNED","False"
"699","84","2026-04-01","14","6","PLANNED","False"
"700","85","2026-01-21","14","1","ACTIVE","False"
"701","85","2026-02-04","14","2","PLANNED","False"
"702","85","2026-02-18","14","3","PLANNED","False"
"703","85","2026-03-04","14","4","PLANNED","True"
"704","85","2026-03-18","14","5","PLANNED","False"
"705","85","2026-04-01","14","6","PLANNED","False"
"706","86","2026-01-21","14","1","ACTIVE","False"
"707","86","2026-02-04","14","2","PLANNED","False"
"708","86","2026-02-18","14","3","PLANNED","False"
"709","86","2026-03-04","14","4","PLANNED","True"
"710","87","2026-01-21","14","1","ACTIVE","False"
"711","87","2026-02-04","14","2","PLANNED","False"
"712","87","2026-02-18","14","3","PLANNED","False"
"713","87","2026-03-04","14","4","PLANNED","True"
"714","88","2026-01-21","14","1","ACTIVE","False"
"715","88","2026-02-04","14","2","PLANNED","False"
"716","88","2026-02-18","14","3","PLANNED","False"
"717","88","2026-03-04","14","4","PLANNED","True"
"718","89","2026-01-21","14","1","ACTIVE","False"
"719","89","2026-02-04","14","2","PLANNED","False"
"720","89","2026-02-18","14","3","PLANNED","False"
"721","89","2026-03-04","14","4","PLANNED","True"
"722","90","2026-01-21","14","1","ACTIVE","False"
"723","90","2026-02-04","14","2","PLANNED","False"
"724","90","2026-02-18","14","3","PLANNED","False"
"725","90","2026-03-04","14","4","PLANNED","True"
"726","90","2026-03-18","14","5","PLANNED","False"
"727","90","2026-04-01","14","6","PLANNED","False"
